Minutes,Games,iteration,Average_Score,High_Score,Epsilon,,,,,,,Seconds (plus the mintues)
0,1,129,48,48,0.099871129,,,,,,,12.74
0,2,224,42,48,0.099776224,,,,,,,19.2
0,3,298,42,48,0.099702298,,,,,,,24.12
0,4,369,42,48,0.099631369,,,,,,,29.03
0,5,457,53,53,0.099543457,,,,,,,35.11
0,6,542,50,53,0.099458542,,,,,,,40.91
0,7,614,42,53,0.099386614,,,,,,,45.84
0,8,685,42,53,0.099315685,,,,,,,50.74
0,9,757,43,53,0.099243757,,,,,,,55.68
1,10,859,61,61,0.099141859,,,,,,,2.65
1,11,926,42,61,0.099074926,,,,,,,7.66
1,12,994,42,61,0.099006994,,,,,,,12.56
1,13,1084,54,61,0.098917084,,,,,,,18.82
1,14,1156,42,61,0.098845156,,,,,,,23.75
1,15,1227,42,61,0.098774227,,,,,,,28.7
1,16,1297,42,61,0.098704297,,,,,,,33.57
1,17,1367,42,61,0.098634367,,,,,,,38.51
1,18,1438,42,61,0.098563438,,,,,,,43.41
1,19,1509,42,61,0.098492509,,,,,,,48.32
1,20,1590,53,61,0.09841159,,,,,,,54.38
1,21,1661,42,61,0.098340661,,,,,,,59.3
2,22,1729,42,61,0.098272729,,,,,,,4.2
2,23,1799,42,61,0.098202799,,,,,,,9.08
2,24,1871,42,61,0.098130871,,,,,,,14.02
2,25,1957,50,61,0.098044957,,,,,,,19.84
2,26,2030,43,61,0.09797203,,,,,,,24.83
2,27,2103,42,61,0.097899103,,,,,,,29.73
2,28,2190,51,61,0.09781219,,,,,,,35.56
2,29,2312,71,71,0.097690312,,,,,,,43.69
2,30,2428,52,71,0.097574428,,,,,,,51.61
2,31,2537,42,71,0.097465537,,,,,,,59.05
3,32,2611,44,71,0.097391611,,,,,,,4.13
3,33,2684,43,71,0.097318684,,,,,,,9.13
3,34,2894,129,129,0.097108894,,,,,,,23.63
3,35,2978,52,129,0.097024978,,,,,,,29.65
3,36,3051,43,129,0.096952051,,,,,,,34.58
3,37,3191,84,129,0.096812191,,,,,,,44.18
3,38,3265,42,129,0.096738265,,,,,,,49.08
3,39,3340,42,129,0.09666334,,,,,,,53.97
4,40,3435,55,129,0.096568435,,,,,,,0.24
4,41,3555,69,129,0.096448555,,,,,,,8.07
4,42,3643,51,129,0.096360643,,,,,,,13.93
4,43,3716,42,129,0.096287716,,,,,,,18.84
4,44,3808,53,129,0.096195808,,,,,,,24.97
4,45,3882,42,129,0.096121882,,,,,,,29.89
4,46,3999,70,129,0.096004999,,,,,,,37.82
4,47,4104,61,129,0.095900104,,,,,,,44.87
4,48,4175,43,129,0.095829175,,,,,,,49.83
4,49,4270,55,129,0.09573427,,,,,,,56.13
5,50,4345,42,129,0.095659345,,,,,,,1.05
5,51,4417,42,129,0.095587417,,,,,,,5.91
5,52,4537,71,129,0.095467537,,,,,,,13.97
5,53,4611,43,129,0.095393611,,,,,,,18.95
5,54,4705,54,129,0.095299705,,,,,,,25.12
5,55,4780,42,129,0.09522478,,,,,,,30.02
5,56,4894,68,129,0.095110894,,,,,,,37.81
5,57,4979,49,129,0.095025979,,,,,,,43.48
5,58,5067,50,129,0.094938067,,,,,,,49.25
5,59,5142,42,129,0.094863142,,,,,,,54.17
5,60,5216,42,129,0.094789216,,,,,,,59.12
6,61,5290,42,129,0.09471529,,,,,,,4
6,62,5378,51,129,0.094627378,,,,,,,9.95
6,63,5452,42,129,0.094553452,,,,,,,14.82
6,64,5527,42,129,0.094478527,,,,,,,19.7
6,65,5601,43,129,0.094404601,,,,,,,24.62
6,66,5675,42,129,0.094330675,,,,,,,29.53
6,67,5750,43,129,0.09425575,,,,,,,34.56
6,68,5825,42,129,0.094180825,,,,,,,39.47
6,69,5900,42,129,0.0941059,,,,,,,44.37
6,70,5974,42,129,0.094031974,,,,,,,49.27
6,71,6047,42,129,0.093959047,,,,,,,54.13
6,72,6120,42,129,0.09388612,,,,,,,59.02
7,73,6194,43,129,0.093812194,,,,,,,3.97
7,74,6306,66,129,0.093700306,,,,,,,11.52
7,75,6396,52,129,0.093610396,,,,,,,17.52
7,76,6484,50,129,0.093522484,,,,,,,23.31
7,77,6575,53,129,0.093431575,,,,,,,29.36
7,78,6649,43,129,0.093357649,,,,,,,34.33
7,79,6723,43,129,0.093283723,,,,,,,39.3
7,80,6880,95,129,0.09312688,,,,,,,50.02
7,81,6968,52,129,0.093038968,,,,,,,55.94
8,82,7044,43,129,0.092963044,,,,,,,0.95
8,83,7132,51,129,0.092875132,,,,,,,6.85
8,84,7222,52,129,0.092785222,,,,,,,12.79
8,85,7296,42,129,0.092711296,,,,,,,17.7
8,86,7371,43,129,0.092636371,,,,,,,22.66
8,87,7458,51,129,0.092549458,,,,,,,28.54
8,88,7546,51,129,0.092461546,,,,,,,34.41
8,89,7619,42,129,0.092388619,,,,,,,39.27
8,90,7705,50,129,0.092302705,,,,,,,44.98
8,91,7810,62,129,0.09219781,,,,,,,52.07
8,92,7884,43,129,0.092123884,,,,,,,57.1
9,93,7976,55,129,0.092031976,,,,,,,3.37
9,94,8065,52,129,0.091943065,,,,,,,9.3
9,95,8138,42,129,0.091870138,,,,,,,14.19
9,96,8245,62,129,0.091763245,,,,,,,21.28
9,97,8349,62,129,0.091659349,,,,,,,28.32
9,98,8423,43,129,0.091585423,,,,,,,33.26
9,99,8513,52,129,0.091495513,,,,,,,39.28
9,100,8600,51,129,0.0914086,,,,,,,45.15
9,101,8701,60,129,0.091307701,,,,,,,52.03
9,102,8804,62,129,0.091204804,,,,,,,59.13
10,103,8899,55,129,0.091109899,,,,,,,5.44
10,104,9026,75,129,0.090983026,,,,,,,13.99
10,105,9139,67,129,0.090870139,,,,,,,21.62
10,106,9405,161,161,0.090604405,,,,,,,39.7
10,107,9496,53,161,0.090513496,,,,,,,45.77
10,108,9570,42,161,0.09043957,,,,,,,50.7
11,109,9723,93,161,0.090286723,,,,,,,1.27
11,110,9847,74,161,0.090162847,,,,,,,9.7
11,111,9937,52,161,0.090072937,,,,,,,15.69
11,112,10055,68,161,0.089955055,,,,,,,23.43
11,113,10144,51,161,0.089866144,,,,,,,29.33
11,114,10231,50,161,0.089779231,,,,,,,35.05
11,115,10370,81,161,0.08964037,,,,,,,44.31
11,116,10446,43,161,0.089564446,,,,,,,49.34
11,117,10520,42,161,0.08949052,,,,,,,54.26
12,118,10607,53,161,0.089403607,,,,,,,0.35
12,119,10681,42,161,0.089329681,,,,,,,5.26
12,120,10751,42,161,0.089259751,,,,,,,10.17
12,121,10871,71,161,0.089139871,,,,,,,18.2
12,122,11058,110,161,0.088953058,,,,,,,30.63
12,123,11179,70,161,0.088832179,,,,,,,38.63
12,124,11303,74,161,0.088708303,,,,,,,47
12,125,11395,53,161,0.088616395,,,,,,,53.1
13,126,11513,68,161,0.088498513,,,,,,,0.9
13,127,11601,51,161,0.088410601,,,,,,,6.79
13,128,11724,72,161,0.088287724,,,,,,,14.95
13,129,11799,42,161,0.088212799,,,,,,,19.89
13,130,11890,53,161,0.08812189,,,,,,,25.99
13,131,11979,51,161,0.088032979,,,,,,,31.89
13,132,12053,43,161,0.087959053,,,,,,,36.86
13,133,12156,60,161,0.087856156,,,,,,,43.74
13,134,12231,42,161,0.087781231,,,,,,,48.68
13,135,12318,50,161,0.087694318,,,,,,,54.41
13,136,12391,43,161,0.087621391,,,,,,,59.35
14,137,12557,98,161,0.087455557,,,,,,,10.37
14,138,12646,51,161,0.087366646,,,,,,,16.28
14,139,12719,42,161,0.087293719,,,,,,,21.15
14,140,12807,52,161,0.087205807,,,,,,,27.12
14,141,12944,80,161,0.087068944,,,,,,,36.23
14,142,13018,42,161,0.086995018,,,,,,,41.12
14,143,13111,53,161,0.086902111,,,,,,,47.28
14,144,13186,42,161,0.086827186,,,,,,,52.18
14,145,13271,49,161,0.086742271,,,,,,,57.76
15,146,13429,93,161,0.086584429,,,,,,,8.31
15,147,13662,138,161,0.086351662,,,,,,,23.77
15,148,13735,42,161,0.086278735,,,,,,,28.7
15,149,13881,86,161,0.086132881,,,,,,,38.47
15,150,13955,42,161,0.086058955,,,,,,,43.34
15,151,14058,61,161,0.085956058,,,,,,,50.31
15,152,14131,42,161,0.085883131,,,,,,,55.24
16,153,14220,51,161,0.08579422,,,,,,,1.11
16,154,14323,59,161,0.085691323,,,,,,,7.88
16,155,14410,50,161,0.08560441,,,,,,,13.66
16,156,14485,42,161,0.085529485,,,,,,,18.56
16,157,14590,62,161,0.08542459,,,,,,,25.62
16,158,14682,53,161,0.085332682,,,,,,,31.68
16,159,14772,53,161,0.085242772,,,,,,,37.72
16,160,14876,61,161,0.085138876,,,,,,,44.65
16,161,14963,51,161,0.085051963,,,,,,,50.51
16,162,15038,43,161,0.084977038,,,,,,,55.5
17,163,15112,42,161,0.084903112,,,,,,,0.4
17,164,15226,67,161,0.084789226,,,,,,,7.98
17,165,15316,52,161,0.084699316,,,,,,,13.97
17,166,15404,51,161,0.084611404,,,,,,,19.83
17,167,15500,56,161,0.0845155,,,,,,,26.27
17,168,15592,53,161,0.084423592,,,,,,,32.39
17,169,15891,180,180,0.084124891,,,,,,,52.55
17,170,15978,51,180,0.084037978,,,,,,,58.45
18,171,16106,74,180,0.083910106,,,,,,,6.94
18,172,16486,225,225,0.083530486,,,,,,,32.12
18,173,16562,43,225,0.083454562,,,,,,,37.08
18,174,16689,73,225,0.083327689,,,,,,,45.46
18,175,16868,106,225,0.083148868,,,,,,,57.42
19,176,16979,65,225,0.083037979,,,,,,,4.81
19,177,17054,42,225,0.082963054,,,,,,,9.7
19,178,17155,58,225,0.082862155,,,,,,,16.37
19,179,17242,50,225,0.082775242,,,,,,,22.15
19,180,17338,56,225,0.082679338,,,,,,,28.52
19,181,17535,116,225,0.082482535,,,,,,,41.56
19,182,17801,158,225,0.082216801,,,,,,,59.24
20,183,17904,59,225,0.082113904,,,,,,,6.08
20,184,18133,140,225,0.081885133,,,,,,,21.87
20,185,18228,55,225,0.081790228,,,,,,,28.2
20,186,18301,42,225,0.081717301,,,,,,,33.08
20,187,18374,42,225,0.081644374,,,,,,,37.95
20,188,18447,42,225,0.081571447,,,,,,,42.84
20,189,18519,42,225,0.081499519,,,,,,,47.71
20,190,18593,42,225,0.081425593,,,,,,,52.6
21,191,18844,148,225,0.081174844,,,,,,,9.29
21,192,19002,92,225,0.081017002,,,,,,,19.74
21,193,19120,68,225,0.08089912,,,,,,,27.53
21,194,19213,53,225,0.080806213,,,,,,,33.62
21,195,19316,59,225,0.080703316,,,,,,,40.41
21,196,19419,60,225,0.080600419,,,,,,,47.24
21,197,19492,42,225,0.080527492,,,,,,,52.13
22,198,19696,121,225,0.080323696,,,,,,,5.8
22,199,19793,57,225,0.080226793,,,,,,,12.4
22,200,19920,74,225,0.08009992,,,,,,,20.9
22,201,20157,141,225,0.079863157,,,,,,,36.74
22,202,20273,68,225,0.079747273,,,,,,,44.47
22,203,20347,42,225,0.079673347,,,,,,,49.36
23,204,20596,149,225,0.079424596,,,,,,,6.15
23,205,20710,68,225,0.07931071,,,,,,,13.86
23,206,20783,42,225,0.079237783,,,,,,,18.77
23,207,20934,91,225,0.079086934,,,,,,,29.1
23,208,21034,59,225,0.078987034,,,,,,,35.87
23,209,21266,138,225,0.078755266,,,,,,,51.39
24,210,21397,77,225,0.078624397,,,,,,,0.11
24,211,21549,90,225,0.078472549,,,,,,,10.34
24,212,21732,108,225,0.078289732,,,,,,,22.57
24,213,21841,64,225,0.078180841,,,,,,,29.86
24,214,21931,52,225,0.078090931,,,,,,,35.86
24,215,22124,113,225,0.077898124,,,,,,,48.66
24,216,22198,42,225,0.077824198,,,,,,,53.6
24,217,22271,43,225,0.077751271,,,,,,,58.51
25,218,22358,51,225,0.077664358,,,,,,,4.43
25,219,22455,59,225,0.077567455,,,,,,,11.11
25,220,22674,133,225,0.077348674,,,,,,,26.04
25,221,22820,87,225,0.07720282,,,,,,,35.97
25,222,22921,59,225,0.077101921,,,,,,,42.71
25,223,23053,78,225,0.076970053,,,,,,,51.54
25,224,23126,42,225,0.076897126,,,,,,,56.46
26,225,23201,42,225,0.076822201,,,,,,,1.33
26,226,23275,42,225,0.076748275,,,,,,,6.2
26,227,23349,42,225,0.076674349,,,,,,,11.08
26,228,23423,42,225,0.076600423,,,,,,,15.98
26,229,23571,88,225,0.076452571,,,,,,,25.95
26,230,23748,112,225,0.076275748,,,,,,,38.59
26,231,23860,69,225,0.07616386,,,,,,,46.43
26,232,23934,42,225,0.076089934,,,,,,,51.3
26,233,24008,42,225,0.076016008,,,,,,,56.21
27,234,24212,123,225,0.075812212,,,,,,,10.1
27,235,24288,44,225,0.075736288,,,,,,,15.19
27,236,24378,52,225,0.075646378,,,,,,,21.14
27,237,24558,106,225,0.075466558,,,,,,,33.18
27,238,24648,51,225,0.075376648,,,,,,,39.09
27,239,24737,51,225,0.075287737,,,,,,,44.97
27,240,24824,51,225,0.075200824,,,,,,,50.8
27,241,24956,77,225,0.075068956,,,,,,,59.57
28,242,25030,42,225,0.07499503,,,,,,,4.48
28,243,25104,42,225,0.074921104,,,,,,,9.36
28,244,25203,58,225,0.074822203,,,,,,,16.02
28,245,25292,51,225,0.074733292,,,,,,,21.87
28,246,25393,59,225,0.074632393,,,,,,,28.62
28,247,25510,69,225,0.07451551,,,,,,,36.5
28,248,25584,43,225,0.074441584,,,,,,,41.51
28,249,25659,43,225,0.074366659,,,,,,,46.55
28,250,25785,75,225,0.074240785,,,,,,,55.06
29,251,25874,53,225,0.074151874,,,,,,,1.16
29,252,25984,65,225,0.074041984,,,,,,,8.67
29,253,26073,52,225,0.073953073,,,,,,,14.67
29,254,26158,51,225,0.073868158,,,,,,,20.52
29,255,26246,52,225,0.073780246,,,,,,,26.52
29,256,26319,42,225,0.073707319,,,,,,,31.41
29,257,26434,67,225,0.073592434,,,,,,,39
29,258,26528,54,225,0.073498528,,,,,,,45.21
29,259,26663,80,225,0.073363663,,,,,,,54.38
29,260,26737,42,225,0.073289737,,,,,,,59.35
30,261,26811,42,225,0.073215811,,,,,,,4.31
30,262,26898,51,225,0.073128898,,,,,,,10.16
30,263,26971,42,225,0.073055971,,,,,,,15.02
30,264,27088,69,225,0.072939088,,,,,,,22.88
30,265,27163,43,225,0.072864163,,,,,,,27.94
30,266,27285,72,225,0.072742285,,,,,,,36.17
30,267,27369,49,225,0.072658369,,,,,,,41.79
30,268,27504,79,225,0.072523504,,,,,,,50.79
30,269,27578,42,225,0.072449578,,,,,,,55.73
31,270,27690,67,225,0.07233769,,,,,,,3.4
31,271,27764,44,225,0.072263764,,,,,,,8.44
31,272,27850,50,225,0.07217785,,,,,,,14.2
31,273,27971,72,225,0.072056971,,,,,,,22.4
31,274,28059,52,225,0.071969059,,,,,,,28.38
31,275,28159,58,225,0.071869159,,,,,,,35.03
31,276,28235,44,225,0.071793235,,,,,,,40.13
31,277,28309,42,225,0.071719309,,,,,,,45.05
31,278,28384,43,225,0.071644384,,,,,,,50.07
31,279,28471,51,225,0.071557471,,,,,,,55.95
32,280,28595,72,225,0.071433595,,,,,,,4.15
32,281,28671,43,225,0.071357671,,,,,,,9.14
32,282,28776,61,225,0.071252776,,,,,,,16.17
32,283,28849,42,225,0.071179849,,,,,,,21.06
32,284,28923,43,225,0.071105923,,,,,,,26.06
32,285,28996,42,225,0.071032996,,,,,,,30.96
32,286,29100,60,225,0.0709291,,,,,,,37.9
32,287,29173,42,225,0.070856173,,,,,,,42.76
32,288,29302,76,225,0.070727302,,,,,,,51.4
32,289,29401,58,225,0.070628401,,,,,,,58.06
33,290,29474,43,225,0.070555474,,,,,,,3.03
33,291,29583,64,225,0.070446583,,,,,,,10.35
33,292,29659,44,225,0.070370659,,,,,,,15.42
33,293,29762,59,225,0.070267762,,,,,,,22.19
33,294,29850,51,225,0.07017985,,,,,,,27.99
33,295,29987,80,225,0.070042987,,,,,,,37.07
33,296,30062,42,225,0.069968062,,,,,,,41.97
33,297,30152,52,225,0.069878152,,,,,,,47.9
33,298,30226,42,225,0.069804226,,,,,,,52.79
33,299,30301,42,225,0.069729301,,,,,,,57.68
34,300,30389,51,225,0.069641389,,,,,,,3.51
34,301,30493,61,225,0.069537493,,,,,,,10.51
34,302,30583,53,225,0.069447583,,,,,,,16.53
34,303,30672,51,225,0.069358672,,,,,,,22.42
34,304,30915,146,225,0.069115915,,,,,,,38.9
34,305,31042,75,225,0.068989042,,,,,,,47.38
35,306,31247,122,225,0.068784247,,,,,,,1.15
35,307,31332,49,225,0.068699332,,,,,,,6.79
35,308,31407,42,225,0.068624407,,,,,,,11.72
35,309,31794,231,231,0.068237794,,,,,,,37.6
35,310,31997,120,231,0.068034997,,,,,,,51.11
36,311,32177,106,231,0.067855177,,,,,,,3.14
36,312,32629,271,271,0.067403629,,,,,,,33.49
36,313,32817,111,271,0.067215817,,,,,,,46.03
36,314,32950,77,271,0.06708295,,,,,,,54.82
36,315,33024,42,271,0.067009024,,,,,,,59.69
37,316,33206,107,271,0.066827206,,,,,,,11.84
37,317,33307,59,271,0.066726307,,,,,,,18.57
37,318,33546,142,271,0.066487546,,,,,,,34.5
37,319,33775,135,271,0.066258775,,,,,,,49.71
37,320,33887,65,271,0.066146887,,,,,,,57.1
38,321,34070,109,271,0.06596407,,,,,,,9.37
38,322,34203,78,271,0.065831203,,,,,,,18.25
38,323,34542,204,271,0.065492542,,,,,,,41.11
38,324,34713,102,271,0.065321713,,,,,,,52.63
39,325,34913,119,271,0.065121913,,,,,,,6
39,326,35150,140,271,0.06488515,,,,,,,21.81
39,327,35298,87,271,0.064737298,,,,,,,31.63
39,328,35514,128,271,0.064521514,,,,,,,46.03
39,329,35619,61,271,0.064416619,,,,,,,53.36
40,330,35758,87,271,0.064277758,,,,,,,3.17
40,331,35832,42,271,0.064203832,,,,,,,8.12
40,332,35947,67,271,0.064088947,,,,,,,15.83
40,333,36036,52,271,0.064000036,,,,,,,21.75
40,334,36175,84,271,0.063861175,,,,,,,31.3
40,335,36343,104,271,0.063693343,,,,,,,43.07
40,336,36502,95,271,0.063534502,,,,,,,53.82
41,337,36606,62,271,0.063430606,,,,,,,0.89
41,338,36693,53,271,0.063343693,,,,,,,6.92
41,339,36766,43,271,0.063270766,,,,,,,11.92
41,340,36973,126,271,0.063063973,,,,,,,26.14
41,341,37158,113,271,0.062879158,,,,,,,38.92
41,342,37322,100,271,0.062715322,,,,,,,50.28
41,343,37419,57,271,0.062618419,,,,,,,56.82
42,344,37819,241,271,0.062218819,,,,,,,23.77
42,345,37908,52,271,0.062129908,,,,,,,29.77
42,346,38136,136,271,0.061902136,,,,,,,45.03
43,347,38567,265,271,0.061471567,,,,,,,14.67
43,348,38776,127,271,0.061262776,,,,,,,29.07
43,349,39000,132,271,0.061039,,,,,,,44
43,350,39149,89,271,0.060890149,,,,,,,54.04
44,351,39434,171,271,0.060605434,,,,,,,13.27
44,352,39507,42,271,0.060532507,,,,,,,18.2
44,353,39652,86,271,0.060387652,,,,,,,27.95
44,354,39792,83,271,0.060247792,,,,,,,37.4
44,355,39915,72,271,0.060124915,,,,,,,45.59
44,356,40005,52,271,0.060035005,,,,,,,51.61
45,357,40300,176,271,0.0597403,,,,,,,11.43
45,358,40476,105,271,0.059564476,,,,,,,23.3
45,359,40659,110,271,0.059381659,,,,,,,35.72
45,360,40810,90,271,0.05923081,,,,,,,45.94
45,361,40941,78,271,0.059099941,,,,,,,54.85
46,362,41138,120,271,0.058903138,,,,,,,8.34
46,363,41227,51,271,0.058814227,,,,,,,14.29
46,364,41348,72,271,0.058693348,,,,,,,22.48
46,365,41841,300,300,0.058200841,,,,,,,56.06
47,366,42049,123,300,0.057993049,,,,,,,9.98
47,367,42156,63,300,0.057886156,,,,,,,17.18
47,368,42397,146,300,0.057645397,,,,,,,33.63
47,369,42551,92,300,0.057491551,,,,,,,44.07
47,370,42675,75,300,0.057367675,,,,,,,52.55
47,371,42763,52,300,0.057279763,,,,,,,58.5
48,372,42874,64,300,0.057168874,,,,,,,5.88
48,373,43112,145,300,0.056931112,,,,,,,22.2
48,374,43228,69,300,0.056815228,,,,,,,30.05
48,375,43323,56,300,0.056720323,,,,,,,36.44
48,376,43575,154,300,0.056468575,,,,,,,53.74
48,377,43647,43,300,0.056396647,,,,,,,58.66
49,378,43782,80,300,0.056261782,,,,,,,7.83
49,379,43885,60,300,0.056158885,,,,,,,14.71
49,380,44088,120,300,0.055956088,,,,,,,28.32
49,381,44396,187,300,0.055648396,,,,,,,49.26
50,382,44917,317,317,0.055127917,,,,,,,24.69
50,383,45077,97,317,0.054968077,,,,,,,35.65
50,384,45301,132,317,0.054744301,,,,,,,50.52
51,385,45503,119,317,0.054542503,,,,,,,4.01
51,386,45631,75,317,0.054414631,,,,,,,12.53
51,387,45750,69,317,0.05429575,,,,,,,20.4
51,388,46074,191,317,0.053972074,,,,,,,41.84
51,389,46174,58,317,0.053872174,,,,,,,48.55
51,390,46275,58,317,0.053771275,,,,,,,55.18
52,391,46563,174,317,0.053483563,,,,,,,14.68
52,392,46681,68,317,0.053365681,,,,,,,22.52
52,393,46876,125,317,0.053170876,,,,,,,36.56
52,394,47020,85,317,0.05302702,,,,,,,46.23
52,395,47201,107,317,0.052846201,,,,,,,58.31
53,396,47315,69,317,0.052732315,,,,,,,6.12
53,397,47386,42,317,0.052661386,,,,,,,10.99
53,398,47544,96,317,0.052503544,,,,,,,21.94
53,399,47889,213,317,0.052158889,,,,,,,45.72
53,400,47960,43,317,0.05208796,,,,,,,50.67
53,401,48074,68,317,0.051974074,,,,,,,58.39
54,402,48215,85,317,0.051833215,,,,,,,8.06
54,403,48390,106,317,0.05165839,,,,,,,20.01
54,404,48535,87,317,0.051513535,,,,,,,29.84
55,405,49165,380,380,0.050884165,,,,,,,12.34
55,406,49278,69,380,0.050771278,,,,,,,20.16
55,407,49380,61,380,0.05066938,,,,,,,27.13
55,408,49517,82,380,0.050532517,,,,,,,36.38
55,409,49630,66,380,0.05041963,,,,,,,43.9
55,410,49765,79,380,0.050284765,,,,,,,52.95
56,411,49933,102,380,0.050116933,,,,,,,4.53
56,412,50006,43,380,0.050044006,,,,,,,9.46
56,413,50124,70,380,0.049926124,,,,,,,17.41
56,414,50346,132,380,0.049704346,,,,,,,32.37
56,415,50445,61,380,0.049605445,,,,,,,39.32
56,416,50620,73,380,0.04943062,,,,,,,51.02
57,417,50767,89,380,0.049283767,,,,,,,1.05
57,418,51076,183,380,0.048975076,,,,,,,21.94
57,419,51208,78,380,0.048843208,,,,,,,30.82
57,420,51422,129,380,0.048629422,,,,,,,45.33
57,421,51496,43,380,0.048555496,,,,,,,50.3
57,422,51584,52,380,0.048467584,,,,,,,56.25
58,423,51839,154,380,0.048212839,,,,,,,13.55
58,424,51976,85,380,0.048075976,,,,,,,23.18
58,425,52262,175,380,0.047790262,,,,,,,42.8
58,426,52384,73,380,0.047668384,,,,,,,51.14
58,427,52481,58,380,0.047571481,,,,,,,57.76
59,428,52712,138,380,0.047340712,,,,,,,13.32
59,429,52807,55,380,0.047245807,,,,,,,19.67
59,430,53029,133,380,0.047024029,,,,,,,34.59
59,431,53173,85,380,0.046880173,,,,,,,44.26
59,432,53360,111,380,0.04669336,,,,,,,56.79
60,433,53490,78,380,0.04656349,,,,,,,5.68
60,434,53652,97,380,0.046401652,,,,,,,16.7
60,435,53788,81,380,0.046265788,,,,,,,25.91
60,436,53878,55,380,0.046175878,,,,,,,32.16
60,437,53975,58,380,0.046078975,,,,,,,38.78
60,438,54047,42,380,0.046007047,,,,,,,43.73
60,439,54173,75,380,0.045881173,,,,,,,52.22
60,440,54246,42,380,0.045808246,,,,,,,57.15
61,441,54344,58,380,0.045710344,,,,,,,3.8
61,442,54544,121,380,0.045510544,,,,,,,17.47
61,443,54738,120,380,0.045316738,,,,,,,31.02
61,444,54887,91,380,0.045167887,,,,,,,41.28
61,445,55031,85,380,0.045024031,,,,,,,50.92
62,446,55178,86,380,0.044877178,,,,,,,0.66
62,447,55252,43,380,0.044803252,,,,,,,5.67
62,448,55441,113,380,0.044614441,,,,,,,18.37
62,449,55687,149,380,0.044368687,,,,,,,35.1
63,450,56111,256,380,0.043945111,,,,,,,3.74
63,451,56240,76,380,0.04381624,,,,,,,12.4
63,452,56497,154,380,0.043559497,,,,,,,29.73
63,453,56598,59,380,0.043458598,,,,,,,36.5
63,454,56727,76,380,0.043329727,,,,,,,45.12
63,455,56849,72,380,0.043207849,,,,,,,53.31
63,456,56943,55,380,0.043113943,,,,,,,59.56
64,457,57160,129,380,0.04289716,,,,,,,14.1
64,458,57235,44,380,0.042822235,,,,,,,19.17
64,459,57333,58,380,0.042724333,,,,,,,25.79
64,460,57439,62,380,0.042618439,,,,,,,32.87
64,461,57573,80,380,0.042484573,,,,,,,41.92
64,462,57647,43,380,0.042410647,,,,,,,46.86
65,463,57928,167,380,0.042129928,,,,,,,5.58
65,464,58017,52,380,0.042041017,,,,,,,11.57
65,465,58149,79,380,0.041909149,,,,,,,20.54
65,466,58251,59,380,0.041807251,,,,,,,27.37
65,467,58358,62,380,0.041700358,,,,,,,34.51
65,468,58432,42,380,0.041626432,,,,,,,39.43
65,469,58624,116,380,0.041434624,,,,,,,52.51
66,470,58889,157,380,0.041169889,,,,,,,10.21
66,471,58990,59,380,0.04106899,,,,,,,16.97
66,472,59086,56,380,0.040973086,,,,,,,23.42
66,473,59160,42,380,0.04089916,,,,,,,28.36
66,474,59231,42,380,0.040828231,,,,,,,33.25
66,475,59305,43,380,0.040754305,,,,,,,38.23
66,476,59461,92,380,0.040598461,,,,,,,48.7
67,477,59749,173,380,0.040310749,,,,,,,8.18
67,478,59823,42,380,0.040236823,,,,,,,13.1
67,479,59947,73,380,0.040112947,,,,,,,21.46
67,480,60114,99,380,0.039946114,,,,,,,32.67
67,481,60226,67,380,0.039834226,,,,,,,40.33
67,482,60352,74,380,0.039708352,,,,,,,48.76
68,483,60611,154,380,0.039449611,,,,,,,6.1
68,484,60787,104,380,0.039273787,,,,,,,17.87
68,485,60962,102,380,0.039098962,,,,,,,29.41
68,486,61047,49,380,0.039014047,,,,,,,35.07
68,487,61205,93,380,0.038856205,,,,,,,45.63
68,488,61321,71,380,0.038740321,,,,,,,53.71
69,489,61467,86,380,0.038594467,,,,,,,3.44
69,490,61665,116,380,0.038396665,,,,,,,16.54
69,491,61738,42,380,0.038323738,,,,,,,21.4
69,492,61831,54,380,0.038230831,,,,,,,27.6
69,493,61918,50,380,0.038143918,,,,,,,33.41
69,494,62010,53,380,0.03805201,,,,,,,39.5
69,495,62242,138,380,0.037820242,,,,,,,55.04
70,496,62327,50,380,0.037735327,,,,,,,0.76
70,497,62402,43,380,0.037660402,,,,,,,5.81
70,498,62496,55,380,0.037566496,,,,,,,12.11
70,499,62570,42,380,0.03749257,,,,,,,17.02
70,500,62644,43,380,0.037418644,,,,,,,22
70,501,62790,86,380,0.03727279,,,,,,,31.78
70,502,63033,145,380,0.037030033,,,,,,,48.09
70,503,63125,53,380,0.036938125,,,,,,,54.21
71,504,63272,86,380,0.036791272,,,,,,,3.98
71,505,63346,42,380,0.036717346,,,,,,,8.91
71,506,63419,42,380,0.036644419,,,,,,,13.81
71,507,63704,170,380,0.036359704,,,,,,,32.94
71,508,63843,82,380,0.036220843,,,,,,,42.26
71,509,63945,60,380,0.036118945,,,,,,,49.13
71,510,64044,58,380,0.036020044,,,,,,,55.8
72,511,64131,50,380,0.035933131,,,,,,,1.59
72,512,64248,68,380,0.035816248,,,,,,,9.33
72,513,64322,42,380,0.035742322,,,,,,,14.21
72,514,64396,42,380,0.035668396,,,,,,,19.11
72,515,64485,51,380,0.035579485,,,,,,,25.01
72,516,64558,42,380,0.035506558,,,,,,,29.87
72,517,64632,42,380,0.035432632,,,,,,,34.8
72,518,64805,101,380,0.035259805,,,,,,,46.26
72,519,64897,53,380,0.035167897,,,,,,,52.29
73,520,65059,97,380,0.035006059,,,,,,,3.3
73,521,65257,116,380,0.034808257,,,,,,,16.43
73,522,65462,121,380,0.034603462,,,,,,,30.07
73,523,65567,61,380,0.034498567,,,,,,,37.02
73,524,65642,43,380,0.034423642,,,,,,,41.98
73,525,65787,86,380,0.034278787,,,,,,,51.74
73,526,65873,50,380,0.034192873,,,,,,,57.57
74,527,66005,77,380,0.034061005,,,,,,,6.38
74,528,66079,42,380,0.033987079,,,,,,,11.29
74,529,66253,103,380,0.033813253,,,,,,,22.92
74,530,66327,42,380,0.033739327,,,,,,,27.85
74,531,66596,160,380,0.033470596,,,,,,,45.86
74,532,66742,85,380,0.033324742,,,,,,,55.57
75,533,66891,88,380,0.033175891,,,,,,,5.48
75,534,66995,62,380,0.033071995,,,,,,,12.53
75,535,67129,79,380,0.032938129,,,,,,,21.48
75,536,67201,42,380,0.032866201,,,,,,,26.37
75,537,67295,55,380,0.032772295,,,,,,,32.74
75,538,67383,51,380,0.032684383,,,,,,,38.65
75,539,67537,92,380,0.032530537,,,,,,,49.08
75,540,67628,54,380,0.032439628,,,,,,,55.36
76,541,67702,42,380,0.032365702,,,,,,,0.28
76,542,67819,69,380,0.032248819,,,,,,,8.16
76,543,67918,57,380,0.032149918,,,,,,,14.75
76,544,68222,181,380,0.031846222,,,,,,,35.07
76,545,68354,76,380,0.031714354,,,,,,,43.74
77,546,68744,232,380,0.031324744,,,,,,,9.72
77,547,69210,278,380,0.03085921,,,,,,,40.85
77,548,69489,164,380,0.030580489,,,,,,,59.33
78,549,69639,87,380,0.030430639,,,,,,,9.23
78,550,69713,42,380,0.030356713,,,,,,,14.11
78,551,69840,74,380,0.03022984,,,,,,,22.56
78,552,70056,127,380,0.030014056,,,,,,,36.91
78,553,70166,63,380,0.029904166,,,,,,,44.18
78,554,70370,119,380,0.02970037,,,,,,,57.67
79,555,70509,80,380,0.029561509,,,,,,,6.84
79,556,70583,42,380,0.029487583,,,,,,,11.74
79,557,70929,207,380,0.029141929,,,,,,,34.91
79,558,71091,96,380,0.028980091,,,,,,,45.82
79,559,71237,86,380,0.028834237,,,,,,,55.64
80,560,71525,172,380,0.028546525,,,,,,,14.95
80,561,71748,132,380,0.028323748,,,,,,,29.85
80,562,71842,55,380,0.028229842,,,,,,,36.17
80,563,71930,51,380,0.02814193,,,,,,,42.07
81,564,72296,221,380,0.027776296,,,,,,,6.77
81,565,72381,49,380,0.027691381,,,,,,,12.42
81,566,72549,100,380,0.027523549,,,,,,,23.78
81,567,72706,92,380,0.027366706,,,,,,,34.21
81,568,72926,132,380,0.027146926,,,,,,,49.09
81,569,73031,61,380,0.027042031,,,,,,,56.12
82,570,73159,76,380,0.026914159,,,,,,,4.72
82,571,73351,115,380,0.026722351,,,,,,,17.69
82,572,73453,59,380,0.026620453,,,,,,,24.51
82,573,73526,43,380,0.026547526,,,,,,,29.44
82,574,73693,98,380,0.026380693,,,,,,,40.56
83,575,74214,311,380,0.025860214,,,,,,,15.37
83,576,74300,50,380,0.0257743,,,,,,,21.06
83,577,74487,110,380,0.025587487,,,,,,,33.51
83,578,74587,59,380,0.025487587,,,,,,,40.2
83,579,74849,155,380,0.025225849,,,,,,,57.7
84,580,74923,42,380,0.025151923,,,,,,,2.62
84,581,75325,240,380,0.024750325,,,,,,,29.53
84,582,75399,43,380,0.024676399,,,,,,,34.54
84,583,75488,52,380,0.024587488,,,,,,,40.57
85,584,75885,236,380,0.024190885,,,,,,,7
85,585,75959,42,380,0.024116959,,,,,,,11.92
85,586,76181,132,380,0.023895181,,,,,,,26.8
85,587,76311,76,380,0.023765311,,,,,,,35.51
85,588,76560,148,380,0.02351656,,,,,,,52.18
86,589,76935,222,380,0.023141935,,,,,,,17.02
86,590,77086,87,380,0.022991086,,,,,,,26.97
86,591,77246,95,380,0.022831246,,,,,,,37.72
87,592,77641,238,380,0.022436641,,,,,,,4.31
87,593,77896,152,380,0.022181896,,,,,,,21.41
87,594,78092,115,380,0.021986092,,,,,,,34.44
87,595,78238,86,380,0.021840238,,,,,,,44.22
87,596,78406,101,380,0.021672406,,,,,,,55.65
88,597,78555,90,380,0.021523555,,,,,,,5.91
88,598,78628,42,380,0.021450628,,,,,,,10.84
88,599,78717,53,380,0.021361717,,,,,,,16.87
88,600,78800,50,380,0.0212788,,,,,,,22.59
88,601,78957,94,380,0.021121957,,,,,,,33.29
89,602,79374,253,380,0.020705374,,,,,,,1.67
89,603,79469,57,380,0.020610469,,,,,,,8.19
89,604,80186,428,428,0.019894186,,,,,,,56.02
90,605,80424,142,428,0.019656424,,,,,,,12.02
90,606,80717,174,428,0.019363717,,,,,,,31.54
90,607,81047,198,428,0.019034047,,,,,,,53.8
91,608,81466,251,428,0.018615466,,,,,,,21.92
91,609,81616,88,428,0.018465616,,,,,,,31.96
91,610,81810,115,428,0.01827181,,,,,,,44.88
91,611,81884,43,428,0.018197884,,,,,,,49.81
92,612,82212,193,428,0.017870212,,,,,,,11.48
92,613,82635,250,428,0.017447635,,,,,,,39.51
92,614,82793,93,428,0.017289793,,,,,,,50.06
93,615,83154,215,428,0.016929154,,,,,,,14.23
93,616,83388,139,428,0.016695388,,,,,,,29.87
93,617,83615,134,428,0.016468615,,,,,,,44.9
93,618,83689,42,428,0.016394689,,,,,,,49.78
94,619,83928,140,428,0.016155928,,,,,,,5.52
94,620,84177,147,428,0.015907177,,,,,,,21.99
94,621,84339,95,428,0.015745339,,,,,,,32.72
95,622,84919,345,428,0.015165919,,,,,,,11.22
95,623,85147,135,428,0.014938147,,,,,,,26.38
95,624,85562,245,428,0.014523562,,,,,,,53.89
96,625,85924,215,428,0.014161924,,,,,,,17.98
96,626,86460,319,428,0.01362646,,,,,,,53.59
97,627,86914,268,428,0.013172914,,,,,,,23.62
98,628,87596,405,428,0.012491596,,,,,,,8.91
98,629,87871,163,428,0.012216871,,,,,,,27.25
99,630,88785,543,543,0.011303785,,,,,,,27.87
99,631,88911,74,543,0.011177911,,,,,,,36.25
99,632,89081,99,543,0.011008081,,,,,,,47.45
99,633,89173,53,543,0.010916173,,,,,,,53.56
100,634,89960,472,543,0.01012996,,,,,,,46.24
101,635,90304,205,543,0.009786304,,,,,,,9.23
101,636,90923,368,543,0.009167923,,,,,,,50.37
102,637,91557,378,543,0.008534557,,,,,,,32.63
103,638,91984,254,543,0.008107984,,,,,,,1.07
104,639,93166,703,703,0.006927166,,,,,,,19.43
105,640,93786,367,703,0.006307786,,,,,,,0.41
105,641,94253,286,703,0.005841253,,,,,,,32.39
105,642,94487,140,703,0.005607487,,,,,,,48.17
105,643,94561,43,703,0.005533561,,,,,,,53.17
106,644,95022,276,703,0.005073022,,,,,,,24.08
107,645,95776,452,703,0.004319776,,,,,,,14.46
107,646,96004,136,703,0.004092004,,,,,,,29.74
108,647,96476,288,703,0.003620476,,,,,,,1.98
108,648,96643,98,703,0.003453643,,,,,,,13.06
108,649,96716,42,703,0.003380716,,,,,,,17.99
108,650,96823,63,703,0.003273823,,,,,,,25.18
108,651,97251,256,703,0.002846251,,,,,,,53.9
109,652,97446,115,703,0.002651446,,,,,,,6.92
110,653,98418,584,703,0.001680418,,,,,,,11.96
111,654,99301,529,703,0.000798301,,,,,,,10.88
111,655,99706,241,703,0.000393706,,,,,,,37.81
111,656,99988,167,703,0.000111988,,,,,,,56.59
112,657,100347,214,703,1.00E-04,,,,,,,20.55
112,658,100594,146,703,1.00E-04,,,,,,,37
113,659,101026,258,703,1.00E-04,,,,,,,5.84
113,660,101312,170,703,1.00E-04,,,,,,,24.94
113,661,101790,289,703,1.00E-04,,,,,,,57.26
114,662,101956,98,703,1.00E-04,,,,,,,8.42
114,663,102390,261,703,1.00E-04,,,,,,,37.57
114,664,102478,51,703,1.00E-04,,,,,,,43.5
115,665,103320,528,703,1.00E-04,,,,,,,42.35
117,666,105041,1044,1044,1.00E-04,,,,,,,38.54
118,667,106104,639,1044,1.00E-04,,,,,,,49.74
119,668,106267,105,1044,1.00E-04,,,,,,,1.7
119,669,106495,140,1044,1.00E-04,,,,,,,17.52
119,670,106711,131,1044,1.00E-04,,,,,,,32.34
120,671,107316,374,1044,1.00E-04,,,,,,,14.15
120,672,107792,295,1044,1.00E-04,,,,,,,47.12
120,673,107874,50,1044,1.00E-04,,,,,,,52.84
121,674,108150,173,1044,1.00E-04,,,,,,,12.29
121,675,108801,404,1044,1.00E-04,,,,,,,57.38
122,676,108885,51,1044,1.00E-04,,,,,,,3.2
122,677,109128,151,1044,1.00E-04,,,,,,,20.19
122,678,109240,69,1044,1.00E-04,,,,,,,28.11
123,679,110503,801,1044,1.00E-04,,,,,,,57.37
126,680,112639,1019,1044,1.00E-04,,,,,,,21.97
126,681,113091,279,1044,1.00E-04,,,,,,,53.17
128,682,114391,205,1044,1.00E-04,,,,,,,19.78
130,683,115999,986,1044,1.00E-04,,,,,,,10.28
132,684,118189,316,1044,1.00E-04,,,,,,,34.88
139,685,124706,188,1044,1.00E-04,,,,,,,39.82
140,686,125196,305,1044,1.00E-04,,,,,,,13.85
141,687,126274,668,1044,1.00E-04,,,,,,,28.28
144,688,128882,1578,1578,1.00E-04,,,,,,,23.78
148,689,132460,2156,2156,1.00E-04,,,,,,,23.48
152,690,135789,1995,2156,1.00E-04,,,,,,,5.41
152,691,136252,274,2156,1.00E-04,,,,,,,36.09
153,692,136691,259,2156,1.00E-04,,,,,,,5.1
154,693,138157,885,2156,1.00E-04,,,,,,,43.59
157,694,140597,1470,2156,1.00E-04,,,,,,,27.15
158,695,141899,782,2156,1.00E-04,,,,,,,54.29
160,696,143441,927,2156,1.00E-04,,,,,,,37.52
161,697,144644,722,2156,1.00E-04,,,,,,,57.9
174,698,155463,5914,5914,1.00E-04,,,,,,,4.12
176,699,158042,1559,5914,1.00E-04,,,,,,,57.53
179,700,160103,1243,5914,1.00E-04,,,,,,,15.87
180,701,160978,525,5914,1.00E-04,,,,,,,14.41
182,702,162803,1095,5914,1.00E-04,,,,,,,16.26
182,703,163102,178,5914,1.00E-04,,,,,,,36.28
183,704,163671,337,5914,1.00E-04,,,,,,,13.94
183,705,163769,56,5914,1.00E-04,,,,,,,20.4
183,706,163982,125,5914,1.00E-04,,,,,,,34.46
183,707,164233,148,5914,1.00E-04,,,,,,,51.06
184,708,164791,330,5914,1.00E-04,,,,,,,27.9
184,709,165063,159,5914,1.00E-04,,,,,,,45.8
185,710,165635,338,5914,1.00E-04,,,,,,,23.59
185,711,165756,70,5914,1.00E-04,,,,,,,31.55
185,712,166011,149,5914,1.00E-04,,,,,,,48.28
185,713,166183,100,5914,1.00E-04,,,,,,,59.62
186,714,166269,50,5914,1.00E-04,,,,,,,5.35
186,715,166410,83,5914,1.00E-04,,,,,,,14.73
186,716,166636,133,5914,1.00E-04,,,,,,,29.8
186,717,166783,86,5914,1.00E-04,,,,,,,39.56
187,718,167166,229,5914,1.00E-04,,,,,,,5.17
187,719,167315,88,5914,1.00E-04,,,,,,,15.2
187,720,167711,240,5914,1.00E-04,,,,,,,42.09
187,721,167892,109,5914,1.00E-04,,,,,,,54.38
188,722,168069,106,5914,1.00E-04,,,,,,,6.41
188,723,168143,42,5914,1.00E-04,,,,,,,11.31
188,724,168217,42,5914,1.00E-04,,,,,,,16.21
189,725,168911,411,5914,1.00E-04,,,,,,,2.13
189,726,169026,66,5914,1.00E-04,,,,,,,9.7
189,727,169117,52,5914,1.00E-04,,,,,,,15.69
189,728,169637,306,5914,1.00E-04,,,,,,,49.94
190,729,169953,185,5914,1.00E-04,,,,,,,10.75
191,730,170875,546,5914,1.00E-04,,,,,,,11.57
192,731,172252,817,5914,1.00E-04,,,,,,,42.54
193,732,173233,579,5914,1.00E-04,,,,,,,47.1
194,733,174278,625,5914,1.00E-04,,,,,,,56.72
195,734,174382,60,5914,1.00E-04,,,,,,,3.63
195,735,175148,454,5914,1.00E-04,,,,,,,54.34
196,736,175855,418,5914,1.00E-04,,,,,,,41.05
199,737,178627,1653,5914,1.00E-04,,,,,,,44.88
199,738,178810,108,5914,1.00E-04,,,,,,,57.06
200,739,178897,50,5914,1.00E-04,,,,,,,2.84
201,740,179761,516,5914,1.00E-04,,,,,,,0.39
204,741,183183,2033,5914,1.00E-04,,,,,,,46.46
205,742,183618,256,5914,1.00E-04,,,,,,,15.14
211,743,189433,3478,5914,1.00E-04,,,,,,,41.8
213,744,191340,1144,5914,1.00E-04,,,,,,,49.08
216,745,193787,1461,5914,1.00E-04,,,,,,,31.58
221,746,197992,2513,5914,1.00E-04,,,,,,,10.98
221,747,198243,147,5914,1.00E-04,,,,,,,27.53
228,748,204430,3688,5914,1.00E-04,,,,,,,17.49
232,749,208226,2248,5914,1.00E-04,,,,,,,27.52
234,750,210423,1307,5914,1.00E-04,,,,,,,52.92
235,751,211083,393,5914,1.00E-04,,,,,,,36.78
238,752,213916,1690,5914,1.00E-04,,,,,,,44.79
238,753,214049,77,5914,1.00E-04,,,,,,,53.6
239,754,215000,562,5914,1.00E-04,,,,,,,56.2
242,755,217392,1413,5914,1.00E-04,,,,,,,33.35
243,756,218545,682,5914,1.00E-04,,,,,,,49.34
244,757,218722,103,5914,1.00E-04,,,,,,,1.04
244,758,219339,363,5914,1.00E-04,,,,,,,41.59
245,759,219788,263,5914,1.00E-04,,,,,,,11.03
245,760,220260,277,5914,1.00E-04,,,,,,,42.01
245,761,220462,117,5914,1.00E-04,,,,,,,55.25
246,762,221009,321,5914,1.00E-04,,,,,,,31.2
251,763,225357,2571,5914,1.00E-04,,,,,,,17.07
254,764,228299,1737,5914,1.00E-04,,,,,,,30.32
262,765,235267,4122,5914,1.00E-04,,,,,,,8.51
262,766,235832,334,5914,1.00E-04,,,,,,,45.82
263,767,236783,571,5914,1.00E-04,,,,,,,49.47
266,768,239641,1692,5914,1.00E-04,,,,,,,57.68
267,769,239940,177,5914,1.00E-04,,,,,,,17.6
274,770,246002,3621,5914,1.00E-04,,,,,,,0.14
276,771,248353,1386,5914,1.00E-04,,,,,,,34.32
277,772,248774,248,5914,1.00E-04,,,,,,,2.09
285,773,256635,4658,5914,1.00E-04,,,,,,,39.87
293,774,264201,4470,5914,1.00E-04,,,,,,,56.77
294,775,264905,414,5914,1.00E-04,,,,,,,43.07
294,776,264979,42,5914,1.00E-04,,,,,,,47.93
295,777,265756,458,5914,1.00E-04,,,,,,,39.03
300,778,270057,2568,5914,1.00E-04,,,,,,,24.53
302,779,271901,1107,5914,1.00E-04,,,,,,,27.73
304,780,273384,889,5914,1.00E-04,,,,,,,6.71
308,781,276970,2140,5914,1.00E-04,,,,,,,4.66
310,782,279186,1305,5914,1.00E-04,,,,,,,29.89
311,783,279729,323,5914,1.00E-04,,,,,,,5.96
312,784,280570,498,5914,1.00E-04,,,,,,,1.55
314,785,282429,1106,5914,1.00E-04,,,,,,,4.68
314,786,282952,310,5914,1.00E-04,,,,,,,39.38
315,787,283406,269,5914,1.00E-04,,,,,,,9.53
315,788,283776,218,5914,1.00E-04,,,,,,,33.99
317,789,285628,1124,5914,1.00E-04,,,,,,,39.16
319,790,287056,859,5914,1.00E-04,,,,,,,14.84
320,791,288405,813,5914,1.00E-04,,,,,,,45.44
321,792,288746,204,5914,1.00E-04,,,,,,,8.38
321,793,289451,415,5914,1.00E-04,,,,,,,54.72
322,794,289606,90,5914,1.00E-04,,,,,,,4.93
325,795,292378,1635,5914,1.00E-04,,,,,,,6.85
325,796,292536,93,5914,1.00E-04,,,,,,,17.4
327,797,294200,980,5914,1.00E-04,,,,,,,6.52
330,798,297180,1758,5914,1.00E-04,,,,,,,22.12
330,799,297254,42,5914,1.00E-04,,,,,,,27.04
330,800,297463,125,5914,1.00E-04,,,,,,,41.2
331,801,297797,201,5914,1.00E-04,,,,,,,3.71
331,802,297870,42,5914,1.00E-04,,,,,,,8.63
332,803,298880,602,5914,1.00E-04,,,,,,,15.8
332,804,299204,190,5914,1.00E-04,,,,,,,37.16
333,805,299641,255,5914,1.00E-04,,,,,,,5.7
333,806,300258,364,5914,1.00E-04,,,,,,,46.36
338,807,304543,2525,5914,1.00E-04,,,,,,,27.11
340,808,305984,848,5914,1.00E-04,,,,,,,1.51
341,809,307391,829,5914,1.00E-04,,,,,,,33.86
345,810,311013,2148,5914,1.00E-04,,,,,,,32.71
354,811,319165,4806,5914,1.00E-04,,,,,,,26.95
356,812,320880,1008,5914,1.00E-04,,,,,,,19.22
357,813,322153,758,5914,1.00E-04,,,,,,,43.61
358,814,323175,601,5914,1.00E-04,,,,,,,50.52
359,815,323902,427,5914,1.00E-04,,,,,,,38.13
362,816,326399,1470,5914,1.00E-04,,,,,,,21.65
362,817,326967,333,5914,1.00E-04,,,,,,,58.9
365,818,329556,1526,5914,1.00E-04,,,,,,,48.64
371,819,334493,2936,5914,1.00E-04,,,,,,,15.02
371,820,334758,155,5914,1.00E-04,,,,,,,32.43
372,821,335556,480,5914,1.00E-04,,,,,,,25.98
373,822,336137,343,5914,1.00E-04,,,,,,,4.33
373,823,336470,195,5914,1.00E-04,,,,,,,26.21
373,824,336772,176,5914,1.00E-04,,,,,,,46.04
373,825,336918,85,5914,1.00E-04,,,,,,,55.68
375,826,338200,754,5914,1.00E-04,,,,,,,19.74
375,827,338296,55,5914,1.00E-04,,,,,,,26.06
376,828,338906,358,5914,1.00E-04,,,,,,,6.04
376,829,339098,113,5914,1.00E-04,,,,,,,18.76
376,830,339215,68,5914,1.00E-04,,,,,,,26.51
376,831,339305,52,5914,1.00E-04,,,,,,,32.56
377,832,339848,317,5914,1.00E-04,,,,,,,8
377,833,340049,119,5914,1.00E-04,,,,,,,21.35
378,834,340647,355,5914,1.00E-04,,,,,,,0.95
378,835,341014,218,5914,1.00E-04,,,,,,,25.37
379,836,341906,526,5914,1.00E-04,,,,,,,24.06
379,837,342088,106,5914,1.00E-04,,,,,,,36.1
379,838,342178,51,5914,1.00E-04,,,,,,,42.05
380,839,342800,366,5914,1.00E-04,,,,,,,22.99
380,840,342906,62,5914,1.00E-04,,,,,,,30.06
380,841,343149,142,5914,1.00E-04,,,,,,,46.08
380,842,343311,94,5914,1.00E-04,,,,,,,56.73
381,843,343867,329,5914,1.00E-04,,,,,,,33.53
381,844,344085,128,5914,1.00E-04,,,,,,,47.95
381,845,344195,64,5914,1.00E-04,,,,,,,55.27
382,846,344308,65,5914,1.00E-04,,,,,,,2.76
382,847,344815,299,5914,1.00E-04,,,,,,,36.27
382,848,345058,142,5914,1.00E-04,,,,,,,52.26
383,849,345524,274,5914,1.00E-04,,,,,,,22.9
383,850,345615,53,5914,1.00E-04,,,,,,,28.92
383,851,345716,58,5914,1.00E-04,,,,,,,35.54
384,852,346135,246,5914,1.00E-04,,,,,,,3.05
384,853,346602,274,5914,1.00E-04,,,,,,,33.66
385,854,347020,244,5914,1.00E-04,,,,,,,1.05
386,855,348046,604,5914,1.00E-04,,,,,,,8.36
386,856,348817,453,5914,1.00E-04,,,,,,,58.96
387,857,349622,478,5914,1.00E-04,,,,,,,52.35
388,858,350341,424,5914,1.00E-04,,,,,,,39.64
389,859,351546,707,5914,1.00E-04,,,,,,,58.46
390,860,351951,237,5914,1.00E-04,,,,,,,25.03
390,861,352071,69,5914,1.00E-04,,,,,,,32.93
395,862,356795,2784,5914,1.00E-04,,,,,,,42.54
397,863,358567,1042,5914,1.00E-04,,,,,,,38.51
397,864,358711,83,5914,1.00E-04,,,,,,,47.99
398,865,359482,452,5914,1.00E-04,,,,,,,38.49
402,866,362813,1963,5914,1.00E-04,,,,,,,16.81
402,867,362988,102,5914,1.00E-04,,,,,,,28.42
403,868,364162,699,5914,1.00E-04,,,,,,,46.29
404,869,364410,147,5914,1.00E-04,,,,,,,2.83
406,870,366286,1113,5914,1.00E-04,,,,,,,6.7
406,871,366786,295,5914,1.00E-04,,,,,,,39.74
406,872,366900,67,5914,1.00E-04,,,,,,,47.41
406,873,366988,51,5914,1.00E-04,,,,,,,53.35
407,874,367285,175,5914,1.00E-04,,,,,,,12.97
407,875,367373,50,5914,1.00E-04,,,,,,,18.75
408,876,368252,520,5914,1.00E-04,,,,,,,16.73
408,877,368335,49,5914,1.00E-04,,,,,,,22.35
409,878,369019,404,5914,1.00E-04,,,,,,,7.53
409,879,369284,156,5914,1.00E-04,,,,,,,25.06
410,880,370217,553,5914,1.00E-04,,,,,,,26.72
412,881,372011,1067,5914,1.00E-04,,,,,,,25.51
412,882,372100,53,5914,1.00E-04,,,,,,,31.52
413,883,372815,419,5914,1.00E-04,,,,,,,18.29
413,884,373269,268,5914,1.00E-04,,,,,,,48.33
415,885,375193,1143,5914,1.00E-04,,,,,,,55.56
416,886,375282,53,5914,1.00E-04,,,,,,,1.58
416,887,375429,85,5914,1.00E-04,,,,,,,11.27
417,888,376352,548,5914,1.00E-04,,,,,,,12.35
417,889,376757,240,5914,1.00E-04,,,,,,,39.23
417,890,376890,78,5914,1.00E-04,,,,,,,48.05
418,891,377120,134,5914,1.00E-04,,,,,,,3.12
418,892,377878,445,5914,1.00E-04,,,,,,,52.81
419,893,378663,462,5914,1.00E-04,,,,,,,44.41
420,894,379127,271,5914,1.00E-04,,,,,,,14.74
420,895,379601,278,5914,1.00E-04,,,,,,,45.91
422,896,381360,1034,5914,1.00E-04,,,,,,,41
427,897,386195,2843,5914,1.00E-04,,,,,,,57.13
430,898,388362,1276,5914,1.00E-04,,,,,,,19.12
431,899,388995,371,5914,1.00E-04,,,,,,,0.57
431,900,389413,245,5914,1.00E-04,,,,,,,28.01
442,901,399632,6021,6021,1.00E-04,,,,,,,37.3
454,902,410889,6628,6628,1.00E-04,,,,,,,54.03
456,903,412457,923,6628,1.00E-04,,,,,,,36.73
456,904,412646,110,6628,1.00E-04,,,,,,,49.13
458,905,414376,1020,6628,1.00E-04,,,,,,,42.66
459,906,415038,390,6628,1.00E-04,,,,,,,26.22
461,907,417140,1252,6628,1.00E-04,,,,,,,45.58
465,908,420124,1764,6628,1.00E-04,,,,,,,1.83
465,909,420512,228,6628,1.00E-04,,,,,,,27.4
470,910,425582,2987,6628,1.00E-04,,,,,,,59.46
472,911,426881,765,6628,1.00E-04,,,,,,,24.66
476,912,430897,2372,6628,1.00E-04,,,,,,,48.42
478,913,432103,720,6628,1.00E-04,,,,,,,8.63
479,914,433039,552,6628,1.00E-04,,,,,,,10.22
481,915,435147,1243,6628,1.00E-04,,,,,,,28.58
482,916,436300,678,6628,1.00E-04,,,,,,,44.2
487,917,440972,2758,6628,1.00E-04,,,,,,,50.94
489,918,442025,630,6628,1.00E-04,,,,,,,1.18
489,919,442614,350,6628,1.00E-04,,,,,,,40.29
490,920,443157,325,6628,1.00E-04,,,,,,,16.63
491,921,443851,414,6628,1.00E-04,,,,,,,2.85
491,922,444587,441,6628,1.00E-04,,,,,,,52.04
493,923,445946,678,6628,1.00E-04,,,,,,,22.49
495,924,447471,917,6628,1.00E-04,,,,,,,4.64
496,925,449119,984,6628,1.00E-04,,,,,,,54.17
499,926,451351,1327,6628,1.00E-04,,,,,,,21.76
500,927,452534,704,6628,1.00E-04,,,,,,,40.18
506,928,457722,3088,6628,1.00E-04,,,,,,,23.54
511,929,462547,2865,6628,1.00E-04,,,,,,,42.1
512,930,463233,407,6628,1.00E-04,,,,,,,27.74
513,931,464539,78,6628,1.00E-04,,,,,,,55.61
514,932,464622,62,6628,1.00E-04,,,,,,,2.67
514,933,464721,65,6628,1.00E-04,,,,,,,10.04
514,934,464945,146,6628,1.00E-04,,,,,,,26.42
514,935,465151,135,6628,1.00E-04,,,,,,,41.61
514,936,465243,59,6628,1.00E-04,,,,,,,48.4
515,937,465780,344,6628,1.00E-04,,,,,,,26.78
515,938,466230,284,6628,1.00E-04,,,,,,,58.55
516,939,466549,199,6628,1.00E-04,,,,,,,20.9
516,940,466630,52,6628,1.00E-04,,,,,,,26.89
516,941,466894,172,6628,1.00E-04,,,,,,,46.22
517,942,467371,130,6628,1.00E-04,,,,,,,20.53
518,943,467993,42,6628,1.00E-04,,,,,,,3.98
518,944,468506,0,6628,1.00E-04,,,,,,,40.11
519,945,468953,93,6628,1.00E-04,,,,,,,11.87
